clause_text,risk_level,clause_type,risk_reason,simplified_text,tip,source_file
"The rent in respect of the Demised Premises shall commence from 1st April 2026 and shall be valid till 28th February 2027. Thereafter, the same may be extended further on mutual consent of both the parties.",low,termination,Standard fixed-term clause with mutual renewal; no unilateral disadvantage to either party.,Your rental term runs from 1 April 2026 to 28 Feb 2027. It can only be extended if both you and the owner agree.,Confirm the exact start and end dates match what was verbally agreed before signing.,rental_agreement_sample.pdf
"The Tenant shall pay to the Owner a monthly rent of Rs.25,000, excluding electricity and water bill. The rent shall be paid on or before 7th day of each month without fail.",low,payment,"Clear, standard rent clause with defined due date; no hidden charges.","You must pay Rs.25,000 rent by the 7th of every month, not including electricity or water.",Set a monthly reminder a few days before the 7th to avoid late payment disputes.,rental_agreement_sample.pdf
"The Tenant shall pay to the Owner a monthly maintenance charge of Rs.2,000 towards the maintenance of Generator & Elevator, Salaries towards guards, Charges for Electricity Maintenance for Common Areas, Charges towards cleaning of Common Areas and towards maintaining the lawn.",medium,payment,Charge is itemized but fixed amount isn't tied to any receipts or cap on future increases.,"You pay Rs.2,000/month extra for shared building costs like the generator, elevator, guards, and lawn upkeep.","Ask if this maintenance amount can increase later and if so, under what conditions.",rental_agreement_sample.pdf
"The Tenant will pay to the Owner an interest-free refundable security deposit of Rs.75,000 vide cheque no 123456 dated 1st April 2026 at the time of signing the Rent Agreement.",low,payment,Standard refundable deposit; interest-free is common practice and not unusually unfavorable.,"You pay a refundable deposit of Rs.75,000 upfront, with no interest earned on it.",Keep a copy of the cheque and this clause as proof of the deposit amount paid.,rental_agreement_sample.pdf
The said amount of the Security deposit shall be refunded by the Owner to the Tenant at the time of handing over possession of the demised premises by the Tenant upon expiry or sooner termination of this Rent after adjusting any dues (if any) or cost towards damages caused by the negligence of the Tenant.,medium,payment,"'Any dues' and 'damages' are not defined or capped, giving the Owner discretion over deductions.","Your deposit will be returned when you move out, but the owner can subtract unpaid dues or damage costs first.","Ask for a written, itemized list of any deductions before accepting the refunded amount.",rental_agreement_sample.pdf
"In case the Owner fails to refund the security deposit to the Tenant on early termination or expiry of the Rent agreement, the Tenant is entitled to hold possession of the Rented premises, without payment of rent and/or any other charges whatsoever, till such time the Owner refunds the security deposit to the Tenant.",low,payment,Strongly protects the Tenant by giving leverage if the Owner delays the deposit refund.,"If the owner doesn't return your deposit on time, you're allowed to stay in the property rent-free until they do.",This clause favors you — keep proof of when you vacated in case you need to use it.,rental_agreement_sample.pdf
"The Tenant shall not sublet, assign or part with the demised premises in whole or part thereof to any person in any circumstances whatsoever and the same shall be used for the bonafide residential purposes only.",medium,restriction,"Absolute prohibition on subletting with no exceptions, even for short-term or family arrangements.","You cannot sublet or hand over the property to anyone else, under any circumstances, and must only use it to live in.",Clarify with the owner whether temporary guests or family staying over counts as 'subletting'.,rental_agreement_sample.pdf
"That the day-to-day minor repairs will be the responsibility for the Tenant at his/her own expense. However, any structural or major repairs, if so required, shall be carried out by the Owner.",low,maintenance,Fair and standard split of repair responsibility between minor (tenant) and major (owner) issues.,You pay for small repairs yourself; the owner is responsible for major structural repairs.,Get a shared understanding in writing of what counts as 'minor' vs 'major' repair before disputes arise.,rental_agreement_sample.pdf
"No structural additions or alterations shall be made by the Tenant in the premises without the prior written consent of the Owner but the Tenant can install air-conditioners in the space provided and other electrical gadgets and make such changes for the purposes as may be necessary, at his own cost.",low,restriction,"Reasonable restriction with a clear, tenant-friendly exception for common appliances like ACs.","You need the owner's written permission for structural changes, but you can install ACs and similar gadgets freely.",Get any verbal permission for changes confirmed over text or email as a record.,rental_agreement_sample.pdf
"That the Owner shall hold the right to visit in person or through his authorized agent(s), servants, workmen etc., to enter upon the demised premises for inspection (not exceeding once in a month) or to carry out repairs / construction, as and when required.",medium,access,"Frequency is capped at once a month, but 'as and when required' for repairs is vague and could be used to justify more frequent entry.","The owner (or their staff) can visit your home for inspection up to once a month, and more often if repairs are needed.","Ask for advance notice (e.g. 24-48 hours) to be added before any visit, even for repairs.",rental_agreement_sample.pdf
That this Rent Agreement can be terminated before the expiry of this tenancy period by serving One month prior notice in writing by either party.,low,termination,Mutual and balanced — both Owner and Tenant have equal notice rights and equal notice period.,Either you or the owner can end this agreement early by giving one month's written notice.,Always send termination notice in writing (email or letter) to have a dated record.,rental_agreement_sample.pdf
"That in case, where the Premises are not vacated by the Tenant, at the termination of the Rent period, the Tenant will pay damages calculated at two times the rent for any period of occupation commencing from the expiry of the Rent period.",high,penalty,Punitive 2x rent penalty with no grace period for delays like finding new housing or logistics.,"If you don't move out on time, you must pay double the normal rent for each extra day or month you stay.","Negotiate a short grace period (e.g. 3-5 days) before the penalty rate applies, in case of moving delays.",rental_agreement_sample.pdf
"In case of any dispute to this agreement and the clauses herein, the same will be settled in the jurisdiction of the city civil courts.",medium,dispute,"Fixes jurisdiction to a single city's courts, which may be inconvenient or costly for a Tenant who later moves away.","Any legal dispute about this agreement must be handled in the courts of this specific city, not wherever you live later.","If you're renting far from your hometown, weigh the cost of pursuing disputes in that specific city's courts.",rental_agreement_sample.pdf
The rent shall be increased by 5% (Five Percent) once in every one year.,low,amendment,"Fixed, transparent, and modest annual increase; standard practice, not exploitative.","Your rent goes up by 5% every year, so you know in advance how much more you'll pay.",Calculate what your rent will be in years 2 and 3 so there are no surprises later.,rental_sample_P3_02.docx
If fails to pay for a period of 2 months the owner can occupy the house premises.,high,termination,"Allows the owner to retake the property directly after just 2 months of missed rent, with no mention of legal notice or court process.","If you miss rent for 2 months, the owner can take back the house themselves, without going through a legal eviction process.",This bypasses standard legal eviction procedure — ask for a formal notice period and legal process to be added instead.,rental_sample_P3_02.docx
The LESSEES will pay to the LESSOR 10% increment in rent on completion of 12 months stay from the date of this agreement.,medium,amendment,"A 10% renewal increase is double the common 5% norm seen in comparable agreements, presenting a medium financial risk.",Your rent increases by 10% once you complete a full year of staying.,Confirm whether this 10% applies to the base rent or the total including maintenance charges.,rental_sample_P3_03.docx
The LESSOR holds the right to terminate the agreement if the LESSEE fails to pay the rent regularly for consecutive period of 2 months or commits a breach of any terms herein and can take possession of the premise.,high,termination,Allows the owner to take possession directly after 2 months of missed rent without explicit legal notice or court process.,"If you're late on rent for 2 months, or break almost any rule in this agreement, the owner can end the tenancy and take the house back themselves.",Ask what specifically counts as a 'breach' and whether a formal notice period applies before repossession.,rental_sample_P3_03.docx
"If the lessee commits breach of any of the conditions here above mentioned notwithstanding the period herein above mentioned, the lessor shall be at liberty to revoke and or cancel the lease granted forthwith.",high,termination,"Allows immediate, unilateral cancellation for any breach with no cure period or advance notice given to the tenant.","Breaking almost any rule in this agreement lets the owner cancel your lease immediately, with no chance to fix the issue first.",Negotiate a written cure period (e.g. 15 days to fix an issue) before the lease can be cancelled outright.,rental_sample_P3_05.docx
The lessor or their authorized agents shall be entitled to enter upon the said house to inspect the conditions of the premises or to get repairs done or for other lawful purpose thereof at all reasonable times and the lessee shall allow them to so enter.,medium,access,No fixed notice period or visit-frequency cap is defined; 'reasonable times' is subjective and owner-favorable.,The owner or their staff can enter your home for inspections or repairs whenever they consider it a reasonable time.,Ask for a minimum notice period (e.g. 24 hours) to be added in writing before any entry.,rental_sample_P3_05.docx
"In case Customer decides to terminate the agreement before completion of 12 paid months, the customer will be liable to pay Procall for the balance months of services.",high,penalty,"Requires paying for the entire remaining contract term even after ending the service early, with no reduction for unused time.","If you cancel early, you still have to pay for every remaining month left in the 12-month term.",Try to negotiate a partial early-termination fee instead of full remaining balance liability.,commercial_rental_sample_P3_06.docx
"In case of dispute arising out of, or in relation to this Agreement between the parties hereto the same shall first be sought to be settled by arbitration governed by the Arbitration and Conciliation Act, 1996 and the rules framed hereunder.",medium,dispute,"Mandatory arbitration is legally standard in India but limits the option to go straight to court, which can be slower/costlier for an individual.",Any disagreement must first go through arbitration (a private legal process) rather than filing directly in court.,"Ask who bears the arbitration costs and where the arbitration will be held, since this can add expense.",commercial_rental_sample_P3_06.docx
CHANGE OF TERMS: The terms and conditions of this agreement are subject to future change by the LANDLORD after the expiry of the agreed lease period upon a 30 day written notice setting forth such change delivered to the TENANT.,medium,amendment,Only the landlord has unilateral power to change terms; tenant has no equivalent right or negotiation step mentioned.,"After your lease term ends, the landlord can change the rules with just 30 days written notice, and you don't have an equal say.",Ask whether you can decline the new terms and exit the lease if you disagree with the changes.,rental_sample_P3_09.docx
"TERMINATION: ...written notice, intention to terminate 2 month's rent to the LANDLORD in lieu of the notice should be paid by the TENANT, if he/she vacates, without giving notice.",medium,penalty,"A defined, capped penalty (2 months' rent) for skipping notice; reasonable in scope but still a meaningful cost.","If you move out without giving proper notice, you'll owe the landlord 2 months' rent instead.",Set a calendar reminder well ahead of your planned move-out date to avoid this penalty entirely.,rental_sample_P3_09.docx
VACATION OF SCHEDULE PREMISES: ...If the TENANT fail to vacate all possessions on or before the termination date the TENANT shall be liable for additional rent and damages due to LANDLORD'S loss of prospective new renters.,high,penalty,"'Loss of prospective new renters' is an open-ended, unquantified damages claim with no cap, favoring the landlord heavily.","If you don't fully move out on time, you could owe extra rent plus undefined damages for any renters the landlord claims to have lost because of the delay.",Push to cap this penalty at a fixed daily/weekly rate instead of leaving it open-ended.,rental_sample_P3_09.docx
"PERIODIC REVISION OF RENT: The TENANT undertake to pay the LANDLORD the enhanced rent after every 11 (Eleven) months at the rate of 10% over the then existing rate of rent, in the event of the Rental Lease getting extended after the expiry of the earlier Rental Lease period.",low,amendment,"Fixed percentage, applies only if the lease is renewed, and is transparent about timing and rate.","If you renew your lease, rent goes up by a fixed 10% each time, so future costs are predictable.",Factor this 10% increase into your budget planning if you expect to stay beyond the first term.,rental_sample_P3_09.docx
"If the Lessee fails to pay the monthly rent in time, the Lessor shall have the liberty to resume the schedule premises without re-course to any action, legal or other wise.",high,termination,"Explicitly allows the owner to retake the property without any legal process for a single late payment, which is a serious departure from due process.","If you're even briefly late on rent, the owner can take back the property immediately, without going to court.",This clause removes your legal protections entirely — strongly consider negotiating a grace period and formal notice requirement.,rental_sample_P3_10.docx
The Owner shall have the right to terminate the tenancy if the tenant fails to pay the rents regularly for a consecutive period of 3 months or commits breach of any of the terms herein and take position of the premises.,low,termination,Standard default clause with a reasonable three-month grace period before termination; 'take possession' language matches common boilerplate seen across comparable agreements.,"If you miss 3 months of rent or break a rule in the agreement, the owner can end your tenancy and take back the property.","Ask for clarity on what counts as a 'breach' beyond non-payment, since the wording is broad.",rental_sample_P3_11.docx
"Notwithstanding what is stated above, the agreement shall be revoked by the Lessor, if the Lessee is in default in the payment of the rent and/or other charges three months after the same have fallen due or if the Lessee commits breach of any terms and conditions of this agreement.",medium,termination,"3-month grace period before revocation is reasonable, but 'any breach' remains vague and broad.","You get 3 months of missed payments before the lease can be revoked, but almost any rule violation could also trigger it.","Ask for a specific list of what counts as a serious breach, rather than an open-ended catch-all.",rental_sample_P3_12.docx
"You are being offered the position of [DESIGNATION] in the [DEPARTMENT] department, reporting to [REPORTING MANAGER].",low,amendment,Purely descriptive role clause with no obligations or risk; standard boilerplate.,"This states your job title, department, and who you report to.",Confirm this designation matches what was discussed verbally during the interview.,employment_offer_letter_sample.pdf
Your employment will commence on [DATE OF JOINING]. You are required to report at [LOCATION] on the said date.,low,amendment,Standard joining clause; no ambiguity or one-sided terms.,You must start work and report to this location on the specified joining date.,Make sure the reporting location matches what you expect (not a different city/branch).,employment_offer_letter_sample.pdf
Your annual Cost to Company (CTC) shall be Rs. [AMOUNT]/- (Rupees [AMOUNT IN WORDS] only). The detailed breakup is provided in Annexure A.,medium,payment,CTC figure alone can be misleading if the Annexure A breakup isn't reviewed; large gaps between CTC and take-home pay are common.,"Your total yearly package (CTC) is this amount, but the actual breakdown of what you take home is in a separate annexure.","Always review Annexure A in detail — CTC often includes PF, gratuity, and variable pay that reduce your monthly take-home.",employment_offer_letter_sample.pdf
You will be on probation for a period of [MONTHS] months from the date of joining. Confirmation shall be subject to satisfactory performance.,medium,termination,"'Satisfactory performance' is not defined by any measurable criteria, giving the employer broad discretion over confirmation.","You'll be on probation for a set number of months, and becoming a permanent employee depends on you performing well — though this isn't clearly defined.",Ask HR what specific criteria or reviews determine 'satisfactory performance' before you sign.,employment_offer_letter_sample.pdf
"Standard working hours are [START TIME] to [END TIME], [DAYS] days a week. You are entitled to leaves as per the company's leave policy.",low,amendment,Standard working hours clause; leave policy is referenced but not detailed in this document.,These are your official work hours and days per week; leave entitlement follows a separate company policy.,Request a copy of the actual leave policy document referenced here before joining.,employment_offer_letter_sample.pdf
During probation: [DAYS] days notice. After confirmation: [DAYS] days notice by either party for termination of employment.,low,termination,"Notice period is mutual and applies equally to both employer and employee, which is fair and balanced.","You and the company must both give the same amount of notice to end your employment, and the period is shorter during probation.",Note that the probation notice period is usually much shorter — useful if you need to exit early.,employment_offer_letter_sample.pdf
You shall maintain confidentiality of all proprietary information during and after employment. Violation shall be grounds for immediate termination and legal action.,high,restriction,"'Proprietary information' is undefined and the confidentiality obligation extends indefinitely after employment, with legal action as a stated consequence for any violation.","You must keep company information secret forever, even after you leave — and breaking this could get you fired and sued, though what counts as confidential isn't clearly defined.",Ask for a clear definition of what counts as 'proprietary information' and whether the obligation has any time limit after you leave.,employment_offer_letter_sample.pdf
This offer is conditional upon: (a) satisfactory background verification; (b) submission of required documents; (c) medical fitness if required.,medium,termination,Offer can be revoked based on subjective 'satisfactory' verification with no clear standard or appeal process mentioned.,"This job offer isn't final until you pass a background check, submit documents, and (if needed) a medical exam.",Ask what happens if verification is delayed or a document is hard to obtain — does the offer expire?,employment_offer_letter_sample.pdf
"The lessor agrees to let-out the schedule premises for a monthly rent of 7000/- per month, and the lessee shall agree to pay the same on every month, by on or before 5th of Every English calendar month.",low,payment,Standard monthly rent with a clear due date; no hidden terms.,"You pay Rs.7,000 rent by the 5th of each month.",Set a reminder a few days before the 5th each month.,p3_97646-41223-Rental-Agreement.pdf
"The lease will be for period of 11 (Eleven) months from the date of this Agreement, but it can be extended by mutual consent. The rent shall be enhanced Once in every 11 months @ 5% over the existing rent.",low,termination,Standard 11-month term with a typical 5% renewal increase; common and not unusually unfavorable.,"Your lease runs 11 months and can be renewed if both sides agree, with rent going up 5% each renewal.",Confirm in writing before renewal whether the 5% increase applies.,p3_97646-41223-Rental-Agreement.pdf
The lessee should not sub-let or underlet the schedule premises to any Other persons without written consent from the lessor.,low,restriction,Standard no-subletting clause requiring landlord consent; typical and reasonable.,You can't sublet the place to anyone else unless the owner agrees in writing.,"Get any subletting permission from the owner in writing, not verbally.",p3_97646-41223-Rental-Agreement.pdf
Whereas the lessee shall agree to pay one month rent towards painting charges at the time of vacating the schedule premises.,medium,maintenance,"A flat one-month-rent painting charge on exit is an added cost beyond the deposit, regardless of the property's actual condition.","When you move out, you must pay one full month's rent extra for repainting, no matter the condition of the walls.","Ask if this charge is waived if the walls are already in good condition, and get any waiver in writing.",p3_97646-41223-Rental-Agreement.pdf
The Tenant shall pay a monthly rent of Rs.8000 on or before 5th of every month. Rent will be start from at the time of occupation. The rent enhancement shall be increased at 10% after 11 months.,medium,payment,"A 10% renewal increase is double the common 5% norm seen in comparable agreements, which is a meaningfully steeper cost escalation.","You pay Rs.8,000 rent monthly, but after 11 months your rent jumps up by 10% if you continue — higher than the usual 5% seen elsewhere.","Try to negotiate this down to the more typical 5% before signing, or clarify it upfront if it's non-negotiable.",p3_Anand-Nagar-Agreement.pdf
The Tenant has to pay the security deposit amount of Rs. 60000... shall not carry any interest but will be refundable to the Tenant on the termination of Tenancy. After deducting any dues in rent/electricity/damages etc.,low,payment,Standard interest-free refundable deposit with deductions limited to actual dues; common practice.,"You pay Rs.60,000 deposit, refunded when you leave, minus any unpaid rent, electricity, or damage costs.",Do a joint walkthrough with the owner before vacating to agree on any deductions upfront.,p3_Anand-Nagar-Agreement.pdf
The Tenant shall pay one month rent towards painting and cleaning charges at the time of vacating the schedule premises.,medium,maintenance,A flat one-month-rent charge for painting and cleaning applies regardless of the property's actual condition on exit.,"When you move out, you owe one full month's rent extra for painting and cleaning, no matter how clean the place is.","Ask if this can be waived or reduced if you leave the place in good condition, and get any agreement in writing.",p3_Anand-Nagar-Agreement.pdf
Confidential Information shall not include information which Recipient can demonstrate is or becomes available to the public through no breach of this Agreement.,low,restriction,"Standard exception to confidentiality for public domain information, protecting the recipient from overreach.",Information that is already public is not considered confidential.,Ensure you keep records showing that the information was already public before you signed.,startup_india_nda_template.pdf
All obligations with respect to non-trade secret Confidential Information shall survive termination or expiration of this Agreement for a period of five (5) years from the date of termination.,medium,termination,"The 5-year survival period is longer than typical 1-2 year periods, posing a medium risk of accidental breach long after the contract ends.",You must keep non-trade secret information confidential for 5 years after this agreement ends.,Set a calendar reminder for 5 years post-termination to formally close out compliance tracking.,startup_india_nda_template.pdf
"The Receiving Party shall not retain any copies, extracts or reproductions in any form, and must permanently destroy the same and certify such destruction in writing.",medium,restriction,A mandatory destruction certificate creates an administrative burden and liability if a single digital artifact is missed in backups.,You must destroy all copies of the confidential information and provide a written certificate proving you did so.,Have your IT department run a full sweep of servers and backups to ensure no stray files remain before certifying.,startup_india_nda_template.pdf
"Subject to applicable arbitration provisions, the courts at Kolkata, West Bengal shall have exclusive jurisdiction over all disputes arising out of or relating to this Agreement.",medium,dispute,"Fixes jurisdiction to a single city's courts (Kolkata), which may be inconvenient or costly if the receiving party is based elsewhere.",Any legal arguments about this contract must be handled in the courts of Kolkata.,"If you are not based in Kolkata, try to negotiate for jurisdiction in your own city or a neutral location.",kolkata_commercial_nda.pdf
"The Receiving Party understands and agrees that the Disclosing Party makes no representation, warranty or guaranty, expressed or implied, as to the accuracy or completeness of the Confidential Information.",medium,dispute,Disclaiming accuracy of provided information shifts the risk of relying on flawed or incomplete data entirely onto the receiving party.,The party sharing the information does not guarantee that it is completely accurate or complete.,Independently verify any financial or technical data before making business decisions based on it.,kolkata_commercial_nda.pdf
That you are a regular defaulter in paying rent to my client and now the rent for 10 months has become due from you. I call upon you to pay the whole of the arrears of rent within 2 months.,high,payment,A formal legal demand for accumulated rent arrears poses a severe immediate financial and legal threat.,You have missed 10 months of rent and must pay the full amount owed within 2 months.,"If you dispute the arrears amount, reply immediately through a lawyer rather than ignoring the notice.",legal_notice_eviction_format.pdf
"I require you to quit, vacate and deliver the peaceful and vacant possession of the said premises to my client within 30 days from the receipt of this notice failing which my client will start eviction proceedings.",high,termination,This is a formal termination of tenancy backed by an explicit threat of court proceedings and eviction.,"You must move out within 30 days, or the landlord will take you to court.",Consult a tenant rights lawyer immediately to review if the 30-day notice complies with your original lease agreement.,legal_notice_eviction_format.pdf
"If the tenant causes damage to the property by any means, the landlord has the right to ask the tenant to vacate the property immediately without serving the standard notice period.",high,termination,"Allows for immediate eviction based on 'damage by any means', which is highly subjective and bypasses standard notice periods.",The landlord can kick you out immediately without notice if they believe you have damaged the property.,Take a detailed video walkthrough of the property's condition on the day you move in to protect against false damage claims.,legal_notice_eviction_format.pdf
"In the event of a breach of any term of this NDA, the Disclosing Party shall be entitled to seek immediate injunctive relief without the necessity of proving actual damages.",high,penalty,Allows the disclosing party to get a court order stopping your business activities immediately without even having to prove you caused them financial harm.,"If you break this agreement, the other party can immediately get a court order against you without proving actual financial loss.",Request that 'injunctive relief' requires a demonstration of reasonable evidence of harm before being granted.,startup_india_nda_template.pdf
"You are hereby called upon to pay a sum of Rs. 15,000/- towards the cost of this legal notice within 15 days of receipt.",medium,payment,"It is standard for lawyers to demand the cost of the notice from the recipient, but a Rs. 15,000 fee is steep and represents a direct financial demand.","The landlord's lawyer is demanding you pay Rs. 15,000 to cover the cost of them sending this notice to you.",You are not legally obligated to pay the opposing lawyer's notice fee unless a court explicitly orders costs against you.,legal_notice_eviction_format.pdf
"Both the parties have agreed to set a lock-in period of 12 months during which neither the Licensor shall ask the licensee to vacate the premises, nor the licensee shall vacate the premises on his own during the lock-in period. In spite of this mandatory clause, if the licensee leaves the premises... he shall pay to the licensor license fee for the remaining lock-in period at the rate of agreed upon in the agreement.",high,penalty,"Forcing the tenant to pay the full remaining rent for the entire lock-in period if they leave early is a severe financial penalty, typical in commercial leases but highly punitive for residential.","You cannot leave for the first 12 months. If you do leave early, you still have to pay rent for the rest of those 12 months.","Negotiate a standard 1-2 month notice penalty for breaking the lock-in, rather than paying for all remaining months.",maharashtra_leave_and_license.pdf
"In the event of the Licensees failing and / or neglecting to remove themselves and / or his articles from the said premises on expiry or sooner determination of this Agreement, the Licensors shall be entitled to recover damages at the rate of double the daily amount of compensation per day.",high,penalty,A double-rent penalty for overstaying without any specified grace period is highly punitive and grants the landlord leverage to extract exorbitant fees.,"If you don't move out exactly on the last day of the agreement, you will be charged double the normal rent for every extra day you stay.",Ask for a 7-day grace period in case of unavoidable moving delays before the double penalty kicks in.,maharashtra_leave_and_license.pdf
"That the Licensees shall pay to the Licensors the following amount per month: a) Rs. 12000/- per month for the first 12 months, b) Rs. 13000/- per month for the next 12 months, c) Rs. 14000/- per month for the next 12 months.",low,payment,"The rent escalations are clearly defined, staggered transparently, and agreed upon upfront. Classified as payment per our standardization rule.","Your rent is Rs. 12,000 for the first year, Rs. 13,000 for the second year, and Rs. 14,000 for the third year.",Ensure your budget can handle the predetermined increases in the second and third years.,maharashtra_leave_and_license.pdf
"That the Licensee shall not claim any tenancy right and shall not have any right to transfer, assign, and sublet or grant any license or sub-license in respect of the Licensed Premises.",medium,restriction,Absolute prohibition on subletting with no exceptions. Standard for Leave and License agreements but strictly restricts tenant flexibility.,"You cannot claim permanent tenancy rights, and you cannot sublet or hand over the property to anyone else.",Clarify if having family or guests stay for an extended period could be misinterpreted as subletting.,maharashtra_leave_and_license.pdf
"The members of the society has intimated my client that they are filing a complaint under 107/145 of Criminal Procedure Code before Executive Magistrate against the said tenant for causing nuisance and disturbance to the society. Further, it is hereby informed to you that it will be your responsibility, and you will also be criminally liable for the deeds of the tenant.",high,dispute,A legal notice explicitly threatening criminal liability (CrPC 107/145) for nuisance is a severe legal escalation beyond a standard civil dispute.,"The building society is threatening to file a criminal complaint against you for causing a disturbance, and the landlord is holding you criminally responsible.",Do not ignore criminal threat notices; consult a lawyer immediately to respond and defuse the situation.,eviction_legal_notice_myadvo.pdf
That you addressee are not paying rent to my client consecutively w.e.f from [DATE] in lieu of adjustment of security deposit against the two month rent of the premise.,medium,payment,"The landlord is formally disputing the tenant's attempt to use the security deposit as the final months' rent, which is a common but often legally contentious practice.",The landlord is rejecting your attempt to skip paying the last two months of rent by using your security deposit to cover it.,Most agreements prohibit using the deposit as rent; you usually must pay the final months and wait for a separate deposit refund.,eviction_legal_notice_myadvo.pdf
The Property Manager or the Landlord shall have the right to enter the Demised Premises at any time during the day or night without any prior notice to the Tenant in case of suspected emergencies or routine checks.,high,access,Allowing entry 'day or night without prior notice' for 'routine checks' strips the tenant of basic privacy rights and quiet enjoyment.,"The landlord or manager can enter your home at any time, day or night, without warning you.",Insist on a mandatory 24-hour written notice for any entry that is not a life-threatening emergency.,property_management_agreement_blr.pdf
"The Lessor or his authorized agents shall be permitted to enter the Schedule Property for inspection only on weekends between 10:00 AM and 5:00 PM, subject to providing a minimum of 48 hours prior written notice via email or WhatsApp.",low,access,"Provides a generous 48-hour notice period and restricts visits to reasonable weekend hours, highly protective of tenant privacy.","The owner can only visit on weekends during the day, and they must message you at least 48 hours in advance.",Ensure the owner sticks to the agreed WhatsApp or email notice method so you have a written record of visits.,model_tenancy_act_2021_format.pdf
"The Landlord may enter the premises to show the property to prospective buyers or new tenants during the last 60 days of the lease term, provided reasonable notice is given.",medium,access,"While showing the property is standard, 'reasonable notice' is undefined and open to interpretation, potentially causing daily disruptions at the end of the lease.","In the last two months, the landlord can bring potential new tenants to view the house if they give you 'reasonable' notice.","Define 'reasonable notice' as a specific timeframe (e.g., 24 hours) in writing before signing.",delhi_commercial_lease_template.pdf
"The Tenant assumes all responsibility for the maintenance of the HVAC system, plumbing, and electrical wiring within the premises, and must replace any units that fail during the term of this Lease at their own cost.",high,maintenance,"Forces the tenant to bear the capital cost of replacing major structural/appliance systems (HVAC, plumbing) which should be the landlord's asset responsibility.","You are responsible for fixing and even replacing the AC, plumbing, and electrical systems if they break.","Refuse this clause. Tenants should only be responsible for routine minor maintenance, not capital replacements.",delhi_commercial_lease_template.pdf
"The Lessee shall bear the cost of routine servicing of air conditioners and daily sweeping of the premises, while the Lessor agrees to cover any costs related to structural wear and tear, seepage, or major electrical faults.",low,maintenance,"Standard, fair distribution of maintenance: tenant handles daily upkeep, landlord handles structural and major repairs.",You pay for AC servicing and regular cleaning; the owner pays for major structural repairs and water leaks.,Report any water leaks immediately in writing so the landlord cannot claim you caused secondary damage by delaying.,model_tenancy_act_2021_format.pdf
Any dispute arising out of this Agreement shall be referred to a sole arbitrator appointed exclusively by the First Party. The decision of the arbitrator shall be final and binding.,high,dispute,Giving one party the exclusive right to choose the sole arbitrator inherently biases the dispute resolution process against the other party.,"If there is a legal fight, the landlord gets to pick the person (arbitrator) who decides who wins.",Demand that the arbitrator be chosen by 'mutual consent' of both parties.,indian_freelance_consultancy_agreement.pdf
The courts of New Delhi alone shall have exclusive jurisdiction to try and entertain any disputes arising out of this Agreement.,low,dispute,Standard jurisdiction clause assuming both parties are operating out of New Delhi. Low risk if local.,Any court cases about this contract must happen in New Delhi.,"Only agree to this if you actually live or work in New Delhi; otherwise, negotiate for your home city.",delhi_commercial_lease_template.pdf
"The Company reserves the right to modify the terms, scope of work, and compensation structure of this Consultancy Agreement at its sole discretion by providing a 7-day email notice.",high,amendment,"Allows one party to unilaterally change the rules and pay structure of the contract with minimal notice, rendering the original agreement unstable.","The company can change your pay or your job duties whenever they want, with only 7 days' warning.","Amendments should always require the written consent of both parties, not just a notification.",indian_freelance_consultancy_agreement.pdf
"No modification, variation, or amendment to this Agreement shall be valid or binding unless made in writing and duly signed by both the Landlord and the Tenant.",low,amendment,Standard protective clause ensuring neither party can secretly or unilaterally change the rules without the other's signature.,This agreement can only be changed if both you and the landlord agree in writing and sign it.,"If the landlord promises something verbally, insist they add it to the written agreement and sign it.",model_tenancy_act_2021_format.pdf
The Consultant shall not directly or indirectly provide services to any competitor of the Company within India for a period of two (2) years following the termination of this Agreement.,high,restriction,"A 2-year nationwide non-compete is highly restrictive, potentially preventing the consultant from earning a livelihood in their field post-termination.",You are not allowed to work for any competing company in India for 2 years after leaving this job.,"Non-competes in India are generally void under Section 27 of the Contract Act, but fighting them in court is expensive. Try to strike this out.",indian_freelance_consultancy_agreement.pdf
"The Tenant shall not keep any pets on the demised premises without the prior written consent of the Landlord, which consent shall not be unreasonably withheld.",low,restriction,Standard pet restriction but with a built-in fairness clause ('shall not be unreasonably withheld') giving the tenant leverage.,"You need the landlord's permission to keep a pet, but they cannot say no without a good reason.",Get the written permission for your specific pet via email before moving in.,property_management_agreement_blr.pdf
"In the event of delayed payment of the monthly rent beyond the 10th of the month, the Lessee shall be liable to pay a late fee of Rs. 500 per day for every day of delay.",high,penalty,"A daily late fee of Rs. 500 accumulates rapidly (Rs. 15,000/month) and is disproportionately punitive compared to standard interest rates on late payments.","If you pay rent after the 10th, you will be fined Rs. 500 for every single day you are late.","Negotiate a flat, one-time late fee (e.g., Rs. 1000) rather than a compounding daily penalty.",delhi_commercial_lease_template.pdf
"The Lessee shall pay a sum of Rs. 50,000/- (Rupees Fifty Thousand Only) as an advance token amount, which shall be non-refundable if the Lessee decides not to execute the final lease deed.",medium,payment,Making a token advance entirely non-refundable places the financial risk solely on the tenant if negotiations fall through due to the landlord's unreasonableness.,"You pay Rs. 50,000 to hold the property, but you lose that money if you decide not to sign the final lease.",Add a condition stating the token is refundable if the landlord changes the agreed terms before signing.,delhi_commercial_lease_template.pdf
The Landlord reserves the right to terminate this tenancy immediately and forcefully evict the tenant by locking the premises if the tenant is found engaging in any unlawful activities.,high,termination,"Allows for extra-judicial forced eviction ('locking the premises') without due process or a court order, violating Indian tenancy laws.",The landlord claims the right to lock you out of the house immediately if they think you are doing something illegal.,"Under Indian law, a landlord cannot forcefully lock you out without a court order, regardless of what the contract says.",property_management_agreement_blr.pdf
"The Lessor or his authorized agents shall have the right to enter upon the schedule premises at any hour of the day or night, without prior notification to the Lessee, for the purpose of inspecting the state of repairs or carrying out necessary alterations or additions.",high,access,"Grants the landlord unrestricted entry at any time of day or night without notice, completely violating the tenant's right to quiet enjoyment and privacy.","The landlord or their agents can enter the property at any time, day or night, without telling you first, to inspect or make changes.","Insist on a clause requiring at least 24 hours prior written notice and restricting entry to reasonable daytime hours (e.g., 9:00 AM to 6:00 PM), except in emergencies.",gemini_synthetic_batch_1.csv
The Landlord reserves the absolute right to inspect the premises once in every calendar month during reasonable daytime hours (between 10:00 AM and 5:00 PM) with a prior written notice of 24 hours given to the Tenant.,low,access,Contains balanced terms with reasonable time restrictions and a mandatory notice period.,"The landlord can inspect the property once a month during normal daytime hours, but must give you 24 hours' written notice first.",This is a standard and fair clause. Ensure the landlord adheres to the 24-hour notice requirement.,gemini_synthetic_batch_1.csv
"The Company shall have the absolute right to access, monitor, intercept, and search all electronic communications, files, and data stored on any device, network, or server provided by the Company to the Employee, at any time and without prior notice.",medium,access,"Allows broad corporate monitoring of company-provided assets, which is a standard industry practice but must be clearly separated from personal devices to protect employee privacy.","The company can monitor and search any file, email, or message on company-provided computers or phones at any time without warning.","Avoid using company-provided devices, networks, or work accounts for any personal communications or storage.",gemini_synthetic_batch_1.csv
"The Employer reserves the right to monitor and access the Employee's personal personal electronic devices, including but not limited to personal mobile phones and laptops, whenever connected to the corporate network, to audit for compliance with security policies.",high,access,Invades personal privacy by claiming a right to monitor personal devices simply because they connected to the company's network.,The company can monitor your personal phone or laptop if you connect it to the office Wi-Fi or network.,Negotiate to delete reference to 'personal electronic devices'. Company access should be strictly limited to corporate-owned hardware.,gemini_synthetic_batch_1.csv
"The Disclosing Party hereby grants the Receiving Party a limited, non-exclusive, non-transferable right of access to its proprietary database solely for the purpose of executing the project services, subject to immediate revocation at the Disclosing Party's sole discretion.",medium,access,"Grants access but makes it highly unstable because the disclosing party can revoke it arbitrarily at any time, potentially stalling the service provider's work.","You are given temporary access to the client's database to do your work, but they can cut off your access at any time without warning.","Add a clause stating that access cannot be unreasonably revoked if it prevents you from meeting your contractual deadlines, or that deadlines will be extended if access is cut off.",gemini_synthetic_batch_1.csv
"The Consultant shall be provided secure, credentialed access to the Client's premises and internal servers during standard business hours, provided that the Consultant complies with all IT security policies and signs the visitor register upon entry.",low,access,"Standard operational clause providing secure, clear access controls linked to security compliance.","You will get safe access to the client's office and servers during work hours, as long as you follow their security rules and sign in.",Ensure you receive written copies of the client's IT security guidelines before starting your consulting services.,gemini_synthetic_batch_1.csv
"The Tenant shall permit the Landlord or their authorized representatives to access the premises at any time for the purpose of displaying the property to prospective buyers or future tenants, without requirement of prior scheduling.",high,access,"Forces the tenant to allow unscheduled, random showings to strangers at any time of day, disrupting privacy and security.",The landlord can bring prospective buyers or new tenants to look at your rented home at any time without booking an appointment.,"Restrict showings to the last 30 or 60 days of the tenancy, limit them to specific hours (e.g., weekends 11 AM - 4 PM), and require at least 24 hours' notice.",gemini_synthetic_batch_1.csv
"During the last thirty (30) days of the lease term, the Tenant shall, upon receiving a 24-hour advance verbal request, permit the Landlord to show the premises to prospective tenants during reasonable daytime hours.",low,access,"Standard, fair clause that restricts viewings to the end of the tenancy, demands reasonable hours, and requires notice.","In your final month, you must let the landlord show the property to new renters, provided they give you 24 hours' notice and visit during reasonable hours.","Verify that 'reasonable daytime hours' is understood, preferably specifying hours like 10:00 AM to 6:00 PM.",gemini_synthetic_batch_1.csv
"The Company retains the right to physical access to the Consultant's private office premises at any time to audit, inspect, or retrieve any physical documents or storage drives containing the Company's proprietary information.",high,access,"Gives the client physical entry rights into the independent contractor's separate office, bypassing local privacy and trespass protections.",The client can enter your own private office to inspect or take documents and drives containing their business information.,"Remove this entirely. The client should request the return of information in writing, rather than having physical entry rights to your premises.",gemini_synthetic_batch_1.csv
"All access tokens, cryptographic keys, and user credentials provided to the Partner to facilitate software integration shall remain the sole property of the Disclosing Party and must be deleted within forty-eight (48) hours of contract termination.",low,access,Clear security policy outlining access cleanup post-contract termination.,All digital access keys and passwords must be deleted within 48 hours after the contract ends.,Ensure your IT team has a process in place to revoke and delete all client-provided keys promptly upon termination to avoid security non-compliance.,gemini_synthetic_batch_1.csv
"The Licensee shall grant the Licensor absolute, unfettered access to all local servers hosting the licensed software at any hour, without notice, to verify compliance with license limits and search for unauthorized copies.",high,access,"Grants the software vendor intrusive, unannounced access to the buyer's internal IT systems, posing severe cybersecurity and operational risks.","The software seller can log into or inspect your company's local computer servers at any time, without warning, to check license counts.","Replace physical or unannounced server access with a standard clause allowing audit of license reports, or require pre-scheduled audits conducted in the presence of your IT staff.",gemini_synthetic_batch_1.csv
"Any audit of the Licensee's systems to verify licensing compliance shall be conducted upon thirty (30) business days' prior written notice, during standard business hours, no more than once per calendar year, and in a manner that does not disrupt Licensee's operations.",low,access,Standard license audit clause protecting the licensee from operational disruption and intrusive unannounced checks.,"Licensing compliance audits must be scheduled 30 business days in advance, can happen only once a year during work hours, and cannot disrupt your business.","Ensure the clause also states that each party will bear its own costs for such audits, unless a material license deficit (e.g., >5%) is found.",gemini_synthetic_batch_1.csv
"The Company reserves the right to modify, alter, amend, or rewrite this Agreement, its policies, benefits, compensation structures, or rules of employment at any time at its sole discretion, without prior notice or consent of the Employee.",high,amendment,"Allows the employer to unilaterally change core employment terms, including salary and benefits, without notice or consent, which is highly exploitative.","The company can change this contract, your salary, benefits, or work rules at any time, without asking you or letting you know beforehand.",Insist on a clause stating that any modification to the core terms of the agreement (especially compensation and role) must be in writing and signed by both parties.,gemini_synthetic_batch_1.csv
"No amendment, modification, or variation of this Agreement shall be valid or binding unless it is made in writing, refers explicitly to this Agreement, and is executed by the duly authorized representatives of both Parties.",low,amendment,Standard bilateral amendment clause that protects both parties from verbal or unilateral contract changes.,"No changes to this contract are valid unless they are written down, mention this contract, and are signed by both parties.","Keep a signed, physical or digital copy of any subsequent amendments or addendums alongside your original contract.",gemini_synthetic_batch_1.csv
"The Landlord shall have the right to amend the rules of occupancy, maintenance fees, or utility charges of the rented premises at any time by giving a seven (7) day notice to the Tenant, and such amendments shall automatically bind the Tenant.",high,amendment,Enables the landlord to unilaterally inflate maintenance fees or enforce restrictive living rules on extremely short notice.,"The landlord can change the house rules, maintenance fees, or utility costs at any time by giving you a 7-day notice, and you must follow them.","Negotiate to limit any changes in recurring charges to the annual lease renewal cycle, or require at least 30 days' notice with the tenant's right to terminate without penalty if they disagree.",gemini_synthetic_batch_1.csv
"The Lessor and Lessee agree that any modifications or amendments to the rent amount, security deposit, or duration of this lease shall be executed strictly through a written addendum signed by both parties and duly registered under the Indian Registration Act, 1908.",low,amendment,"Strongly protects the tenant by requiring written, signed, and registered addendums for major changes, in compliance with Indian legal requirements.","Any changes to your rent, security deposit, or lease length must be written, signed by both you and the landlord, and legally registered.","In India, leases of 12 months or longer must be registered. Make sure any amendment to a registered lease is also registered to remain legally enforceable.",gemini_synthetic_batch_1.csv
"The Client reserves the right to amend the scope of work, project delivery timelines, and payment milestone amounts unilaterally at any stage of the project by sending an electronic mail notification to the Consultant.",high,amendment,"Grants the client unilateral control over work deliverables and compensation, allowing them to expand scope or slash pay without the consultant's consent.","The client can change the amount of work you do, your deadlines, and how much they pay you for milestones simply by sending you an email.",Modify this to state that any change in scope of work or compensation must be mutually agreed upon in writing and signed via a Change Order or Addendum.,gemini_synthetic_batch_1.csv
"Any adjustment or variation in the scope of services, project milestones, or fees must be proposed in writing and shall only become effective upon the mutual signature of a formal Change Order by both the Client and the Consultant.",low,amendment,Standard professional consulting framework requiring mutual consent and written Change Orders for project shifts.,"Any changes to your work tasks, milestones, or fees must be agreed upon and signed by both you and the client using a formal Change Order document.",Do not begin performing extra or modified work until the Change Order is fully signed by an authorized client representative.,gemini_synthetic_batch_1.csv
"This Agreement contains the entire understanding between the parties, and the Company reserves the sole power to interpret and update the definitions of terms herein without recourse to the other party.",high,amendment,"Gives the company absolute power to change the actual meaning of contract terms after signing, rendering the original agreement terms meaningless.","The company has the sole right to interpret and change what the terms in this contract mean, and you cannot dispute their interpretation.",Delete the phrase allowing one party sole power to interpret definitions. Interpretation of disputes should rely on mutual agreement or independent arbitration.,gemini_synthetic_batch_1.csv
This Agreement constitutes the entire agreement between the Parties and supersedes all prior discussions. No waiver or modification of any provision shall be valid unless in writing and signed by both Parties.,low,amendment,Standard 'integration' or 'entire agreement' clause preventing oral modifications or reliance on unwritten promises.,This written contract is the final and complete agreement. No verbal promises or emails can change it unless both parties sign a written modification.,"Ensure that any pre-signing verbal promises, emails, or assurances you rely on are explicitly written into this document before signing.",gemini_synthetic_batch_1.csv
"The Disclosing Party may update the list of Protected Proprietary Materials or extend the definition of Confidential Information at any time by written notice, which shall immediately apply retroactively to all information shared since the initiation of discussions.",medium,amendment,"Applies new confidentiality classifications retroactively, creating compliance risks where the receiving party might have unknowingly handled older data without proper controls.",The other company can change the definition of confidential information and make it apply backward to things they already shared with you.,"Amend this so that retroactive updates are disallowed, or require at least 15 days to implement security measures for newly designated materials.",gemini_synthetic_batch_1.csv
"No failure or delay by either party in exercising any right under this Agreement shall operate as a waiver thereof, nor shall any single or partial exercise of any right preclude any other or further exercise thereof.",low,amendment,Standard 'no waiver' protection ensuring that a temporary delay in enforcing rights does not permanently change or amend the contract rules.,"If a party delays or forgets to enforce a rule once, it does not mean they have waived their right to enforce that rule in the future.",This is standard legalese that protects legal rights; it is safe to accept without modification.,gemini_synthetic_batch_1.csv
"The Employee agrees to comply with the Company's Employee Handbook and Code of Conduct, which may be revised, amended, or supplemented by the Company from time to time, and such modifications shall be binding upon publication.",medium,amendment,"Allows ongoing changes to office rules and conduct handbooks. Generally acceptable as long as it does not affect core terms like compensation, notice period, or role description.","You must follow the company's employee handbook, which the company can change or update whenever they want.","Request that the company provide written notifications whenever major updates are made to the handbook, especially regarding leave policies or disciplinary measures.",gemini_synthetic_batch_1.csv
"The Service Provider shall have the unilateral right to amend the pricing schedules, service level agreements, or technical specifications of the cloud hosting services with a 30-day electronic notice to the Customer.",medium,amendment,"Gives the provider power to raise prices or lower service levels unilaterally, but mitigates risk by requiring a 30-day notice, allowing the client time to react.","The hosting provider can change prices, service quality rules, or technical settings after giving you a 30-day notice.","Negotiate for a price lock during the initial term of the contract, or add a right to terminate the contract without penalty if they increase prices by more than 10%.",gemini_synthetic_batch_1.csv
"The Tenant shall pay a monthly rent of INR 25,000 (Rupees Twenty-Five Thousand Only) on or before the 5th day of each calendar month. Any delay in rent payment shall attract an interest fee of 18% per annum calculated daily.",medium,payment,"While rent amounts are clear, an 18% per annum interest rate calculated daily is a high penalty rate for minor rent delays.","You must pay INR 25,000 rent by the 5th of every month. If you are late, you will be charged a penalty interest rate of 18% per year, calculated for each late day.","Ask to lower the late penalty rate to a reasonable amount (e.g., 10% per annum) or negotiate a 5-day grace period before interest begins to accrue.",gemini_synthetic_batch_1.csv
"The Tenant has deposited a sum of INR 1,50,000 (Rupees One Lakh Fifty Thousand Only) as an interest-free security deposit. The Landlord shall refund this deposit within 7 days of the Tenant vacating the premises, after deducting any unpaid rent, utility bills, or physical damages.",low,payment,Clearly states the security deposit amount and commits the landlord to a swift refund timeline upon vacancy.,"You paid a security deposit of INR 1,50,000. The landlord must return this within 7 days after you move out, minus any actual unpaid bills or property damage.",Ensure you conduct a joint walk-through of the property with the landlord upon moving out and take photos to prevent unfair damage deductions.,gemini_synthetic_batch_1.csv
"The Tenant shall not sub-let, assign, or transfer the possession of the rented premises or any part thereof to any other person under any circumstances, without the express prior written consent of the Landlord.",low,restriction,Standard and fair subletting restriction aimed at protecting the landlord's property from unauthorized occupancy.,You cannot rent out or transfer this property (or any part of it) to someone else unless you get the landlord's written permission first.,"If you plan to have a flatmate or co-occupant who is not on the lease, declare this to the landlord in writing before signing.",gemini_synthetic_batch_1.csv
"The Landlord shall be entitled to forfeit the entire security deposit of INR 2,00,000 in the event that the Tenant terminates this lease for any reason prior to the completion of the 11-month lock-in period, regardless of notice provided.",high,termination,Extremely punitive termination clause that results in total forfeiture of a large security deposit even if ample notice is provided.,"If you leave the property before the 11-month lock-in period ends, the landlord will keep your entire INR 2,00,000 security deposit, no matter how much notice you give.","Negotiate to remove or shorten the lock-in period, or request that the penalty be limited to one month's rent rather than the complete security deposit.",gemini_synthetic_batch_1.csv
"Either party may terminate this agreement by giving two (2) months' prior written notice to the other party. Upon expiration of the notice period, the Tenant shall hand over peaceful possession of the premises.",low,termination,"Standard, balanced mutual termination clause with a reasonable notice period.",Either you or the landlord can end this agreement by giving 2 months' written notice.,Confirm that there is no lock-in period that conflicts with this 2-month notice clause.,gemini_synthetic_batch_1.csv
"The Company may terminate the Employee's service immediately and without notice or compensation in the event of gross misconduct, material breach of policy, fraud, or conviction of a criminal offense.",low,termination,Standard 'termination for cause' clause with no notice or severance required for egregious behavior.,"The company can fire you immediately without pay or notice if you commit fraud, break serious policies, or engage in gross misconduct.",Verify that 'gross misconduct' or 'material breach' is clearly defined in the employee handbook to avoid arbitrary termination.,gemini_synthetic_batch_1.csv
The Client shall release payment for approved invoices within ninety (90) business days from the date of physical receipt of the invoice from the Consultant.,medium,payment,"A 90-day payment term is highly unfavorable to consultants and freelancers, creating severe cashflow gaps.",The client has up to 90 days to pay your invoice after they receive it.,"Negotiate to reduce payment terms to a standard 30 days, or add a late payment interest clause of 1.5% per month.",gemini_synthetic_batch_1.csv
"The Lessor agrees to keep the main structure, exterior walls, roof, and main plumbing in good repair, while the Lessee shall be responsible for routine internal cleaning.",low,maintenance,Standard balanced maintenance division between landlord (structural) and tenant (day-to-day upkeep).,The landlord fixes big structural issues and roof leaks; you just keep the inside clean.,Ensure all existing structural damages are noted in an inspection checklist before moving in.,gemini_synthetic_batch_2.csv
"The Tenant shall bear the cost of routine electrical bulb replacements and minor plumbing washer changes up to Rs. 500 per instance, above which the Landlord shall reimburse.",low,maintenance,Clear financial cap on tenant liability for minor wear-and-tear items.,You pay for tiny fixes under Rs. 500; the landlord covers anything bigger.,Keep receipts for any minor repairs to easily claim reimbursements if needed.,gemini_synthetic_batch_2.csv
"The Client shall provide a clean, safe, and ergonomically maintained working environment for the Consultant during any mandatory on-site visits.",low,maintenance,Standard workplace safety and environment clause for consultants.,The client must ensure a safe and proper office space when you work at their location.,Verify safety protocols if working with hazardous materials or physical equipment on-site.,gemini_synthetic_batch_2.csv
The Lessee assumes responsibility for servicing air conditioning units every six months and repairing any damage caused by tenant negligence.,medium,maintenance,Requires regular scheduled expenditure by tenant for specialized appliances.,You must pay to service the ACs twice a year and fix any damage you cause.,Negotiate to split AC servicing costs 50/50 or request proof of recent servicing prior to lease start.,gemini_synthetic_batch_2.csv
The Employee agrees to maintain all company-provided laptops and equipment in working order and report hardware faults within 24 hours.,medium,maintenance,"Strict reporting timeline for hardware issues, though maintenance remains company responsibility.",Take care of your work laptop and tell IT immediately if it breaks.,Always document pre-existing hardware scratches or defects upon receiving company equipment.,gemini_synthetic_batch_2.csv
"The Tenant shall pay a mandatory monthly society maintenance charge of Rs. 4,500 directly to the Resident Welfare Association (RWA) in addition to the monthly rent.",medium,maintenance,Additional recurring monthly payment obligation added on top of base rent.,"You must pay Rs. 4,500 every month to the society association on top of your rent.",Confirm whether society maintenance covers amenities like gym or pool access or if those cost extra.,gemini_synthetic_batch_2.csv
"The Consultant shall maintain and update software repositories, security patches, and server frameworks required for project delivery.",medium,maintenance,Shifts technical infrastructure maintenance tasks onto an independent contractor.,You are responsible for keeping software updates and project server dependencies maintained.,Factor software license and maintenance overheads into your hourly or project consulting fee.,gemini_synthetic_batch_2.csv
"The Tenant assumes absolute responsibility for all structural, electrical, and plumbing repairs of the entire building regardless of cause or pre-existing conditions.",high,maintenance,Extremely unfair shift of heavy structural landlord liabilities onto a residential tenant.,You have to pay for major building and structural repairs even if they were broken before you moved in.,Refuse this clause. Structural repairs are strictly the landlord's legal duty under Rent Control Acts.,gemini_synthetic_batch_2.csv
"The Lessee shall repaint the entire exterior and interior of the premise every 12 months using premium grade paint at their sole expense, failing which rent doubles.",high,maintenance,Unreasonable annual repainting mandate with an exorbitant punitive rent penalty.,You must pay to repaint the whole building inside and out every year or face double rent.,Insist on removing annual painting requirements; repainting is typically done only upon vacating or every 3-5 years.,gemini_synthetic_batch_2.csv
"In the event of any machinery breakdown, the Consultant shall replace all industrial hardware within 48 hours at their own cost without reimbursement from the Client.",high,maintenance,Unbalanced liability requiring contractor to replace expensive client hardware.,"If client machines break, you have to buy new ones out of your own pocket.",Limit consultant liability strictly to willful damage and exclude normal operational machinery wear-and-tear.,gemini_synthetic_batch_2.csv
"In the event of a payment delay exceeding 7 days, a grace period shall apply, after which a modest late fee of Rs. 100 per day of delay shall accrue.",low,penalty,"Includes a reasonable grace period and a minor, proportional daily late fee.","You get a 7-day grace period; after that, late rent costs Rs. 100 per day.",Set up automated bank transfers so you never trigger daily late fees after the grace period.,gemini_synthetic_batch_2.csv
"If the Consultant fails to deliver project milestones by the agreed deadline, a liquidated damages penalty of 0.5% per week of delay shall apply, capped at a maximum of 5% of total contract value.",low,penalty,Standard commercial delayed delivery penalty with an industry-standard aggregate cap.,"Late project delivery costs 0.5% per week, up to a maximum penalty of 5%.",Ensure project milestones include buffer days for unexpected delays or client review turnaround times.,gemini_synthetic_batch_2.csv
"Should either party terminate the lease during the notice period without serving full notice, they shall pay rent equivalent to the unserved notice days.",low,penalty,Symmetrical and fair penalty for early exit without proper notice.,"If you leave early without giving full notice, you pay rent for the missing notice days.",Always serve notice in writing via email or registered post to prove exact notice dates.,gemini_synthetic_batch_2.csv
Late rent payments beyond the 5th of the month shall attract an interest penalty of 18% per annum calculated on a simple interest basis until cleared.,medium,penalty,Elevated interest rate for late rent defaults.,Late rent incurs an 18% annual interest penalty calculated until paid.,Negotiate a lower interest rate (e.g. 10-12%) and ask for a 5-day grace period.,gemini_synthetic_batch_2.csv
"If the Employee resigns before completing 12 months of service, they shall forfeit unvested performance bonuses and reimburse Rs. 50,000 toward documented training costs.",medium,penalty,"Repayment penalty for early resignation, enforceable under Indian law only for actual proven training costs.","Leaving before 1 year means losing unvested bonuses and reimbursing Rs. 50,000 for actual training costs.","Under Section 74 of the Indian Contract Act, employers can only recover actual, proven training costs.",gemini_synthetic_batch_2.csv
"Failure by the Receiving Party to return Confidential Information within 5 days of request shall result in an administrative fee of Rs. 5,000 per day.",medium,penalty,Short compliance timeframe with accumulating daily financial penalty.,"You must return confidential documents within 5 days or pay Rs. 5,000 daily.",Negotiate a 14-day return window to give yourself sufficient time to audit and return files.,gemini_synthetic_batch_2.csv
"If the Tenant overstays past the lease expiration date by even one day, a punitive fee equal to triple the daily rent shall be charged for each day of holdover.",high,penalty,Aggressive 300% penalty rate for minor overstays.,Staying past your lease end date costs 3 times the normal daily rent every day.,Request a 7-day grace period at normal rent rates in case moving arrangements are delayed.,gemini_synthetic_batch_2.csv
"In the event of any breach of confidentiality, the Employee shall immediately forfeit 100% of earned CTC for the past two years and pay liquidated damages of Rs. 25,00,000.",high,penalty,"Unenforceable, extortionate financial penalty that clawbacks already-earned salary.",Any breach means giving back 2 years of salary plus paying a Rs. 25 Lakh fine.,Clawback of earned salary for past work is illegal in India. Insist on removing salary clawbacks.,gemini_synthetic_batch_2.csv
"If the Tenant terminates the agreement during the 11-month lock-in period, the entire rent for the remaining lock-in period shall be forfeited without possession.",high,penalty,Severe lock-in penalty requiring full rent payment without occupying the property.,Leaving during the lock-in period means paying rent for all remaining months immediately.,"Negotiate a re-letting clause: if the landlord finds a replacement tenant, your lock-in penalty should cease.",gemini_synthetic_batch_2.csv
"A breach of any covenant in this agreement shall entitle the Client to levy an immediate, non-negotiable penalty of Rs. 10,00,000 deducted from pending invoices.",high,penalty,Unilateral right for client to deduct arbitrary massive penalties without judicial determination.,The client can instantly fine you Rs. 10 Lakhs and withhold your invoice payments for any rule breach.,Require that penalties must be mutually agreed or adjudicated before any invoice deductions occur.,gemini_synthetic_batch_2.csv
Any disputes arising from this Agreement shall first be attempted to be resolved amicably through mutual negotiations within 30 days before initiating arbitration.,low,dispute,Standard multi-tier dispute resolution encouraging low-cost amicable negotiation first.,Both sides agree to talk and try to resolve problems peacefully for 30 days before going to legal action.,A mandatory negotiation period saves significant time and legal fees for both parties.,gemini_synthetic_batch_2.csv
"This Agreement shall be governed by the laws of India, and courts at Bengaluru, Karnataka shall have jurisdiction over any legal proceedings.",low,dispute,Standard neutral jurisdiction and governing law clause.,"Indian law applies, and any legal issues will be handled in Bengaluru courts.",Ensure the named court city is geographically convenient for where you actually live or operate.,gemini_synthetic_batch_2.csv
"Disputes shall be settled by a single mutually agreed-upon arbitrator under the Indian Arbitration and Conciliation Act, 1996, with proceedings conducted in English.",low,dispute,"Fair, standard arbitration procedure under Indian statutory framework.","If a major argument happens, an independent single arbitrator will decide the case in English.",Single-arbitrator panels are much faster and cheaper than three-arbitrator panels.,gemini_synthetic_batch_2.csv
"All arbitration proceedings shall take place in New Delhi, and each party shall bear their own legal costs regardless of the arbitration outcome.",medium,dispute,Requires parties to pay their own legal fees even if they win the dispute.,"Arbitration is held in New Delhi, and you pay your own lawyer fees even if you win.",Negotiate a 'costs follow the event' clause so the losing party pays the winning party's legal fees.,gemini_synthetic_batch_2.csv
"In the event of a dispute, the Consultant agrees that service of legal summons via email to their registered address shall be deemed valid personal service.",medium,dispute,"Consents to digital service of process, which accelerates litigation timelines.",Receiving a legal notice by email counts as official legal notice delivery.,Ensure the email address specified in the contract is one you check daily.,gemini_synthetic_batch_2.csv
"Any claim or dispute arising out of this employment contract must be filed within six (6) months of cause of action, failing which the claim is permanently barred.",high,dispute,"Contractually shortens the legal limitation period otherwise allowed under Indian law, violating Section 28 of the Indian Contract Act.",You must file any legal case against the company within 6 months or lose your right forever.,"Under Section 28 of the Indian Contract Act, agreements restricting statutory limitation periods are void.",gemini_synthetic_batch_2.csv
"The Client shall unilaterally appoint a sole arbitrator of its own choosing, whose award shall be final and binding on the Consultant without right of appeal.",high,dispute,Unilateral arbitrator appointment violates Indian Supreme Court rulings on arbitration neutrality.,The client gets to pick the judge/arbitrator by themselves without your consent.,Unilateral arbitrator appointment is legally invalid in India. Mandate mutual agreement or court-appointed arbitration.,gemini_synthetic_batch_2.csv
The Tenant irrevocably waives all rights to approach Rent Control Tribunals or Civil Courts and agrees to exclusive private binding arbitration selected by Landlord.,high,dispute,Attempts to strip away statutory consumer rights under State Rent Control Acts.,You give up your right to go to rent control courts or normal civil courts if the landlord mistreats you.,Statutory rights under State Rent Control Acts cannot be waived by private contracts. This clause is unenforceable.,gemini_synthetic_batch_2.csv
"All legal proceedings shall be conducted exclusively in a foreign jurisdiction (London, UK) under English law, regardless of the fact that work is performed in Mumbai.",high,dispute,Exorbitant cost of international litigation creates an unviable barrier for an Indian resident.,"Any legal fight must happen in London courts under UK law, even though you live and work in Mumbai.",Insist on Indian jurisdiction and Indian governing law for services performed entirely within India.,gemini_synthetic_batch_2.csv
"The Employee agrees to pay all of the Employer's legal fees, court costs, and investigation expenses immediately upon the Employer filing any dispute claim.",high,dispute,Unfair one-sided requirement to pay opponent's legal fees upfront upon mere filing.,"You must pay the employer's lawyer fees as soon as they sue you, regardless of who is right.",Never agree to pay opposing legal fees upfront before a court has determined guilt or liability.,gemini_synthetic_batch_2.csv
The Tenant shall use the demised premises strictly for residential purposes and shall not operate a commercial retail shop from the residential apartment.,low,restriction,"Standard residential zoning restriction, fair and customary in lease agreements.",The flat is for living in only; you cannot open a retail store inside it.,Working from home on a laptop or freelancing is generally permitted under residential lease definitions.,gemini_synthetic_batch_2.csv
The Employee agrees not to use company-owned software licenses for personal commercial projects outside working hours.,low,restriction,Standard protection of company IP and software licensing terms.,Do not use company software tools to run your own personal business.,Keep personal projects on personal hardware and use open-source or personal software tools.,gemini_synthetic_batch_2.csv
The Receiving Party shall not disclose Confidential Information except to its employees and advisors who have a strict need-to-know and are bound by confidentiality.,low,restriction,Customary and necessary restriction under non-disclosure agreements.,Only share confidential info with team members who actually need it to do their job.,Maintain a record of internal team members who are granted access to confidential documents.,gemini_synthetic_batch_2.csv
The Tenant shall not keep pets on the premises without obtaining prior written approval from the Landlord.,medium,restriction,Conditional restriction on pet ownership requiring landlord permission.,You need the landlord's written permission before bringing a pet into the flat.,Get explicit pet permission included directly in the main lease body before signing.,gemini_synthetic_batch_2.csv
The Employee shall not engage in any outside employment or freelance work during their tenure without prior written consent from HR.,medium,restriction,Exclusivity clause common in full-time employment contracts.,You cannot take up second jobs or side freelancing while working full-time here without HR approval.,"If you teach or write on weekends, request a written exception or side-letter during onboarding.",gemini_synthetic_batch_2.csv
The Tenant shall not sublet or part with possession of any portion of the premises to sub-tenants or paying guests without written landlord approval.,medium,restriction,Standard restriction prohibiting unauthorized subletting.,You cannot sublet rooms or bring in paying guests without the landlord's green light.,"If you plan to have a flatmate split rent later, ensure the lease names both tenants upfront.",gemini_synthetic_batch_2.csv
The Consultant shall not solicit the Client's employees or clients for a period of 12 months following completion of the consultancy project.,high,restriction,Post-contractual non-solicitation clause restricting future business outreach.,"For 1 year after the project, you agree not to poach the client's workers or customers.",Ensure non-solicitation restrictions do not prevent general public job postings or passive hiring.,gemini_synthetic_batch_2.csv
"The Employee shall not work for, consult with, or establish any competing business anywhere in India for a period of 3 years after leaving the Company.",high,restriction,"Post-employment non-compete clause, which is void and legally unenforceable under Section 27 of the Indian Contract Act, 1872.",You are banned from working for any competitor in India for 3 years after leaving this job.,Post-employment non-compete bans are legally invalid in India under Section 27.,gemini_synthetic_batch_2.csv
"The Tenant is strictly prohibited from hosting overnight guests, family members, or visitors of any gender for more than 2 consecutive days.",high,restriction,Unreasonable infringement on tenant's right to peaceful enjoyment and privacy.,Family or friends cannot stay overnight for more than 2 days in your rented flat.,Refuse intrusive visitor limits. You have a legal right to quiet enjoyment of rented property.,gemini_synthetic_batch_2.csv
"The Consultant assigns all future Intellectual Property created in their lifetime, whether related or unrelated to the project, unconditionally to the Client.",high,restriction,Overbroad IP assignment claiming personal inventions outside project scope.,"The client owns everything you invent or create for the rest of your life, even personal projects.",Limit IP assignment strictly to deliverables created specifically for the client under paid statements of work.,gemini_synthetic_batch_2.csv
The Landlord or authorized agents may enter the premises for routine inspections upon providing at least 24 hours written notice during normal daylight hours.,low,access,Standard balanced access clause respecting tenant privacy and requiring advance notice.,The landlord can inspect the flat if they give you 24 hours notice in writing during the day.,24-hour notice is the gold standard for landlord visits across major Indian housing statutes.,gemini_synthetic_batch_2.csv
The Consultant shall be granted secure VPN access and badge entry to the Client's facility exclusively during assigned project working hours.,low,access,Standard security and facility access protocol for independent contractors.,You get workplace badge and VPN access during your official working hours.,Confirm that access credentials are provided on your first day to prevent project delays.,gemini_synthetic_batch_2.csv
"During the final 30 days of the tenancy, the Tenant shall permit showing of the property to prospective tenants upon receiving reasonable prior notice.",medium,access,Requires tenant cooperation for showings during move-out month.,"In your last month, you must allow potential new tenants to view the flat with notice.","Agree on specific daily time slots (e.g., 5 PM - 7 PM) for showings to protect your weekend privacy.",gemini_synthetic_batch_2.csv
"The Employer reserves the right to audit and access files, emails, and browsing history stored on company-issued laptops at any time.",medium,access,Standard workplace IT policy regarding company-owned assets.,The company can monitor everything you do on your work-issued laptop.,"Never store personal banking, passwords, or personal photos on work laptops.",gemini_synthetic_batch_2.csv
The Landlord reserves the absolute right to retain duplicate keys and enter the rented premises at any hour of the day or night without prior notice.,high,access,Severe violation of tenant privacy and right to exclusive possession.,"The landlord keeps a key and can walk into your apartment at any time, day or night, without warning.",Unannounced entry is illegal. Demand that all landlord visits require mandatory 24-hour advance written notice.,gemini_synthetic_batch_2.csv
No amendment or modification of this Agreement shall be valid unless executed in writing and signed by authorized signatories of both parties.,low,amendment,Standard mutual amendment protection ensuring no unilateral changes.,Contract changes are only official if both sides agree and sign in writing.,Never accept verbal promises or informal chat changes; always insist on a signed written addendum.,gemini_synthetic_batch_2.csv
"Any revision to project scope, milestones, or fees shall be documented via a formal Change Order signed by both Client and Consultant.",low,amendment,Standard professional project management change control clause.,"If project goals or fees change, both sides must sign a Change Order document.",Always get additional client feature requests put into a paid Change Order before doing extra work.,gemini_synthetic_batch_2.csv
The Company reserves the right to update its internal HR policies and Employee Handbook from time to time with notification posted on the company intranet.,medium,amendment,Allows employer to modify general workplace policies unilaterally via intranet updates.,The company can update general office rules and policies by posting updates on the company site.,Policy updates cannot legally override or reduce core contractual salary terms in your signed offer letter.,gemini_synthetic_batch_2.csv
The Rent and maintenance charges shall be subject to periodic revision after 11 months based on prevailing market rates as determined by the Landlord.,medium,amendment,Vague rent adjustment clause leaving future rates to landlord discretion.,Rent can be increased after 11 months based on whatever rate the landlord decides is market value.,"Cap future rent increases at a fixed percentage (e.g., 5% to 10%) rather than open-ended 'market rates'.",gemini_synthetic_batch_2.csv
"The Client reserves the sole right to unilaterally modify, reduce, or alter the Consultant's fee schedule and scope of work at any time without notice.",high,amendment,Unfair unilateral right to slash pay or change duties without contractor consent.,The client can cut your pay or change your job duties at any time without asking you.,Strike out unilateral fee reduction clauses. Any fee change must require mutual written consent.,gemini_synthetic_batch_2.csv
"The Tenant shall pay a monthly rent of Rs. 30,000 on or before the 5th day of each calendar month via direct NEFT/UPI bank transfer.",low,payment,"Clear, standard rent payment terms specifying amount, due date, and electronic payment method.","Rent is Rs. 30,000 due by the 5th of every month via online bank transfer.",Always keep digital bank transaction receipts as proof of monthly rent payment.,gemini_synthetic_batch_2.csv
The Client shall pay approved invoices within thirty (30) days of receipt via direct electronic bank transfer to Consultant's designated account.,low,payment,Standard Net-30 payment terms customary in commercial B2B/consultancy contracts.,Invoices will be paid within 30 days of receiving them.,Net-30 is standard. Send invoices promptly on the 1st of every month to avoid payment lags.,gemini_synthetic_batch_2.csv
"The Landlord shall refund the interest-free security deposit of Rs. 1,00,000 within 15 days of tenant vacating and handing over vacant possession.",medium,payment,"Standard deposit refund clause, though interest-free deposit benefits the landlord.",Your Rs. 1 Lakh security deposit will be returned within 15 days after you move out.,Do a joint video walkthrough on vacating day to agree on property condition and prevent deposit delays.,gemini_synthetic_batch_2.csv
"The Client shall release invoice payments strictly on a 'Pay-When-Paid' basis, disbursed only after the Client receives payment from its end client.",medium,payment,Shifts third-party client default risk onto the sub-contractor.,You only get paid after the client gets paid by their own customer.,Avoid 'Pay-When-Paid' clauses. Require fixed payment dates regardless of third-party end-client delays.,gemini_synthetic_batch_2.csv
The Client reserves the right to withhold 100% of Consultant's invoice payments indefinitely without interest if any project deliverable is disputed.,high,payment,Unreasonable right to freeze total project payment over partial disputes.,"If there is any argument over a deliverable, the client can hold back all your money forever.","Require that undisputed portions of invoices must be paid on time, freezing only the specific disputed amount.",gemini_synthetic_batch_2.csv
Either party may terminate this agreement by providing two (2) months prior written notice to the other party without assigning any reason.,low,termination,"Symmetrical, balanced no-fault termination clause with standard 60-day notice.",Either you or the landlord can end the contract by giving 2 months written notice.,Mutual notice periods give both sides predictable time to find new housing or new tenants.,gemini_synthetic_batch_2.csv
Either party may terminate this consultancy contract immediately upon written notice if the other party undergoes insolvency or material breach.,low,termination,Standard for-cause termination clause protecting against bankruptcy or major breach.,You can cancel immediately if the other side goes bankrupt or commits a serious contract breach.,Ensure 'material breach' includes a 14-day cure period to fix minor inadvertent errors before termination.,gemini_synthetic_batch_2.csv
The Employer may terminate the Employee during the probation period by providing 15 days notice or payment of 15 days salary in lieu of notice.,medium,termination,Standard probation termination clause customary in Indian job offers.,"During probation, the company can end your job with 15 days notice or 15 days pay.",Check that the probation notice period applies symmetrically to both employee and employer.,gemini_synthetic_batch_2.csv
The Landlord may terminate the lease on 7 days notice if the Tenant fails to pay rent within 10 days of the due date.,medium,termination,Shortened notice period for non-payment breach.,"If rent is 10 days late, the landlord can give 7 days notice to cancel the agreement.",Ensure you get a formal written default notice giving you at least 7-10 days to pay late rent before lease termination.,gemini_synthetic_batch_2.csv
"The Landlord reserves the right to immediately terminate the tenancy, lock out the tenant, and forfeit all deposits without notice or court order upon any minor breach.",high,termination,Illegal self-help eviction clause violating Indian lease laws and due process.,"The landlord can kick you out instantly, lock you out, and keep all your money for any small rule breach.",Self-help evictions and lockouts are illegal in India. Evictions require statutory notice and court process.,gemini_synthetic_batch_2.csv
"The Tenant shall be responsible for day-to-day minor repairs at his/her own expense. However, any structural or major repairs required shall be carried out by the Owner.",low,maintenance,The clause places routine minor repair costs on the Tenant while assigning required structural or major repairs to the Owner.,"The Tenant pays for small everyday repairs, while the Owner handles required major or structural repairs.",Check which repairs are considered minor versus major before accepting responsibility for costs.,chatgpt_paraphrase_batch_1
"Day-to-day minor repairs shall be undertaken by the Tenant at his/her own cost, whereas the Owner shall carry out any structural or major repairs that are required.",low,maintenance,"The Tenant bears the expense of ordinary minor repairs, but responsibility for necessary major or structural work remains with the Owner.","You must pay for normal small repairs, but the Owner must arrange required major or structural repairs.",Clarify how the agreement distinguishes routine repairs from structural repairs.,chatgpt_paraphrase_batch_1
The lessee agrees to pay an amount equal to one month's rent towards painting charges when vacating the scheduled premises.,medium,maintenance,The lessee is required to make a one-month-rent payment specifically toward painting costs upon vacating.,"When moving out, the tenant must pay an amount equal to one month's rent for painting.",Ask whether this painting charge applies regardless of the actual painting cost or condition of the premises.,chatgpt_paraphrase_batch_1
"Upon vacating the scheduled premises, the lessee shall pay one month's rent as painting charges.",medium,maintenance,A fixed payment equivalent to one month's rent is imposed for painting when the premises are vacated.,The tenant has to pay one month's rent as a painting charge when leaving the property.,Confirm the exact amount and when this charge will be deducted or collected.,chatgpt_paraphrase_batch_1
The Tenant shall pay an amount equal to one month's rent for painting and cleaning charges when vacating the scheduled premises.,medium,maintenance,The clause requires a fixed payment equivalent to one month's rent for both painting and cleaning upon vacating.,"When the tenant moves out, they must pay one month's rent toward painting and cleaning.",Check whether the charge is fixed or linked to the actual cost of cleaning and painting.,chatgpt_paraphrase_batch_1
"When vacating the scheduled premises, the Tenant shall be liable to pay one month's rent towards painting and cleaning expenses.",medium,maintenance,The Tenant has a contractual payment obligation equal to one month's rent when leaving the premises.,The tenant must pay an amount equal to one month's rent for painting and cleaning when moving out.,Review whether this payment is separate from any security deposit deductions.,chatgpt_paraphrase_batch_1
Any dispute concerning this agreement or its clauses shall be settled within the jurisdiction of the city civil courts.,medium,dispute,The clause directs disputes concerning the agreement or its provisions to the city civil courts.,Disputes about this agreement will be handled by the city civil courts.,Identify which city civil courts are intended and whether the jurisdiction is exclusive.,chatgpt_paraphrase_batch_1
"If a dispute arises regarding this agreement or any of its clauses, the dispute will be resolved in the jurisdiction of the city civil courts.",medium,dispute,Disputes relating to the agreement or its clauses are directed to the city civil courts for settlement.,"If there is a disagreement about the agreement, it will be resolved in the city civil courts.",Confirm the relevant court location before signing.,chatgpt_paraphrase_batch_1
"Any dispute arising out of or relating to this Agreement between the parties shall first be referred for settlement by arbitration governed by the Arbitration and Conciliation Act, 1996 and the rules made under it.",medium,dispute,The parties must first seek settlement of agreement-related disputes through arbitration under the specified Act and its rules.,Disagreements between the parties about the agreement must first be taken to arbitration under the 1996 Act and its applicable rules.,Check the arbitration procedure and rules that will apply before agreeing.,chatgpt_paraphrase_batch_1
"In the event of a dispute arising from or connected with this Agreement between the parties, the parties shall first seek to resolve it through arbitration in accordance with the Arbitration and Conciliation Act, 1996 and the rules framed under that Act.",medium,dispute,The clause requires disputes between the parties relating to the agreement to first be addressed through arbitration under the named legislation and rules.,"If the parties have an agreement-related dispute, they must first try to settle it through arbitration under the Arbitration and Conciliation Act, 1996.",Understand who appoints the arbitrator and how the arbitration process works.,chatgpt_paraphrase_batch_1
"Subject to applicable arbitration provisions, the courts in Kolkata, West Bengal shall have exclusive jurisdiction over all disputes arising from or relating to this Agreement.",medium,dispute,"The clause gives Kolkata, West Bengal courts exclusive jurisdiction over agreement-related disputes, subject to applicable arbitration provisions.","Unless applicable arbitration rules apply, disputes about this agreement must be handled exclusively by courts in Kolkata, West Bengal.",Consider the practical implications of having disputes heard exclusively in Kolkata.,chatgpt_paraphrase_batch_1
"Provided that applicable arbitration provisions are observed, all disputes arising out of or concerning this Agreement shall fall exclusively within the jurisdiction of the courts at Kolkata, West Bengal.",medium,dispute,The provision assigns exclusive court jurisdiction to Kolkata while preserving the effect of applicable arbitration provisions.,Kolkata courts have exclusive authority over agreement-related disputes when applicable arbitration provisions do not govern the matter.,Check how the arbitration provision interacts with the exclusive court jurisdiction clause.,chatgpt_paraphrase_batch_1
"If the Tenant fails to vacate the Premises when the Rent period terminates, the Tenant shall pay damages equal to two times the rent for each period of occupation beginning after the Rent period expires.",high,penalty,The Tenant faces a damages charge of twice the rent for continued occupation after the rental period ends.,"If the tenant stays after the rental period ends, they must pay damages equal to twice the rent for the continued period.",Pay close attention to the financial consequence of remaining in the property after the rental period.,chatgpt_paraphrase_batch_1
"Where the Tenant does not vacate the Premises upon termination of the Rent period, damages at two times the rent shall be payable by the Tenant for any occupation starting after the Rent period has expired.",high,penalty,Remaining in the premises after termination triggers damages calculated at twice the rent for the subsequent occupation period.,Staying in the premises after the rental period ends results in damages of twice the rent for the time you remain there.,Make sure you know the required move-out date to avoid the increased charge.,chatgpt_paraphrase_batch_1
"If the Customer terminates the agreement before completing 12 paid months, the Customer shall be liable to pay Procall for the remaining months of services.",high,penalty,Early termination before 12 paid months creates a payment obligation covering the remaining service months.,Ending the agreement before paying for 12 months means the customer must pay Procall for the remaining service months.,Check whether early termination is possible without paying for all remaining months.,chatgpt_paraphrase_batch_1
"Should the Customer choose to terminate the agreement before 12 paid months have been completed, the Customer will have to pay Procall for the balance of the service months.",high,penalty,The customer incurs liability for the unpaid balance of service months if the agreement is ended before 12 paid months.,"If the customer ends the agreement before 12 paid months are complete, they must pay Procall for the months left.",Calculate the potential remaining payment before deciding to terminate early.,chatgpt_paraphrase_batch_1
"TERMINATION: If the Tenant vacates without providing written notice of the intention to terminate, the Tenant shall pay the LANDLORD two months' rent in lieu of the notice.",medium,penalty,The clause imposes a two-month-rent payment when the Tenant vacates without giving the required written termination notice.,A tenant who leaves without giving the required written notice must pay the landlord two months' rent instead of the notice period.,Confirm how much advance written notice is required and how the two-month payment is calculated.,chatgpt_paraphrase_batch_1
"TERMINATION: The TENANT must provide written notice of the intention to terminate; if the TENANT vacates without giving such notice, two months' rent shall be paid to the LANDLORD in lieu of notice.",medium,penalty,Failure to provide written termination notice before vacating results in an obligation to pay the Landlord two months' rent.,"The tenant needs to give written notice before leaving, or must pay the landlord two months' rent instead.",Keep a record of the written termination notice to avoid the notice-related charge.,chatgpt_paraphrase_batch_1
"The Tenant shall not sublet, assign, or part with possession of the demised premises, whether in whole or in part, to any person under any circumstances, and the premises shall be used solely for bona fide residential purposes.",medium,restriction,"The clause broadly prohibits subletting, assignment, or giving possession to another person and restricts use to genuine residential purposes.","The tenant cannot sublet, transfer, or give the property to someone else and may use it only as a genuine residence.",Do not allow another person to take over or use the premises without checking the agreement.,chatgpt_paraphrase_batch_1
"Under no circumstances shall the Tenant sublet, assign, or otherwise part with the whole or any part of the demised premises to another person, and the premises must be used only for bona fide residential purposes.",medium,restriction,The provision creates an unrestricted prohibition on transferring or sharing possession and limits the permitted use of the premises to residential purposes.,The tenant is not allowed to sublet or transfer any part of the property and must use it only for residential purposes.,Check whether activities such as business use or allowing another occupant could conflict with this restriction.,chatgpt_paraphrase_batch_1
